{"global": {"total_documents": 13550}, "titles": {"total_tokens": 168816, "avg_tokens_per_document": 12.458745387453874, "unique_tokens": 14204, "lexical_diversity": 0.08413894417590749}}