{"global": {"total_documents": 13550, "total_tokens": 8094107, "unique_tokens": 132878, "avg_tokens_per_document": 199.1170233702337, "lexical_diversity": 0.016416634966649194}, "titles": {"total_tokens": 168816, "unique_tokens": 14204, "avg_tokens_per_document": 12.458745387453874, "lexical_diversity": 0.08413894417590749}, "contents": {"total_tokens": 7811450, "unique_tokens": 130633, "avg_tokens_per_document": 576.490774907749, "lexical_diversity": 0.016723271607704076}, "headers": {"total_tokens": 113841, "unique_tokens": 10673, "avg_tokens_per_document": 8.401549815498155, "lexical_diversity": 0.09375356857371246}}