{"global": {"total_documents": 13550, "total_tokens": 8094107, "avg_tokens_per_document": 597.3510701107011}, "titles": {"total_tokens": 168816, "avg_tokens_per_document": 12.458745387453874, "unique_tokens": 14204, "lexical_diversity": 0.08413894417590749}, "contents": {"total_tokens": 7811450, "avg_tokens_per_document": 576.490774907749, "unique_tokens": 130633, "lexical_diversity": 0.016723271607704076}, "headers": {"total_tokens": 113841, "avg_tokens_per_document": 8.401549815498155, "unique_tokens": 10673, "lexical_diversity": 0.09375356857371246}}